 country,country_map,author_bts,author_ps2014,wpd,percentage_author_bts,percentage_author_ps2014,percentage_wpd
Andorra,AD,,,79.034,,,9.99255E-06
United Arab Emirates,AE,1,,9365.145,0.006535948,,0.001184068
Afghanistan,AF,,,40099.462,,,0.005069916
Antigua and Barbuda,AG,,,93.219,,,1.1786E-05
Anguilla,AI,,,15.753,,,1.99171E-06
Albania,AL,,,2854.71,,,0.000360931
Armenia,AM,,,2790.974,,,0.000352873
Angola,AO,,,34503.774,,,0.004362433
Argentina,AR,2,,45276.78,0.013071895,,0.005724503
American Samoa,AS,,,45.114,,,5.70392E-06
Austria,AT,8,,8922.082,0.052287582,,0.00112805
Australia,AU,,,25921.089,,,0.003277294
Aruba,AW,,,106.537,,,1.34698E-05
Azerbaijan,AZ,3,,10312.992,0.019607843,,0.001303908
Bosnia and Herzegovina,BA,,,3270.943,,,0.000413557
Barbados,BB,,,281.2,,,3.55531E-05
Bangladesh,BD,,,169356.251,,,0.021412306
Belgium,BE,3,3,11611.419,0.019607843,0.036585366,0.001468073
Burkina Faso,BF,,,22100.683,,,0.002794267
Bulgaria,BG,,,6885.868,,,0.000870605
Bahrain,BH,,,1463.265,,,0.000185006
Burundi,BI,,,12551.213,,,0.001586894
Benin,BJ,,,12996.895,,,0.001643243
Saint Barthelemy,BL,,,11.204,,,1.41656E-06
Bermuda,BM,,,64.185,,,8.11514E-06
Brunei Darussalam,BN,,,445.373,,,5.63101E-05
Bolivia (Plurinational State of),BO,,,12079.472,,,0.00152725
"Bonaire, Sint Eustatius and Saba",BQ,,,26.706,,,3.37653E-06
Brazil,BR,5,,214326.223,0.032679739,,0.027098018
Bahamas,BS,,,407.906,,,5.1573E-05
Bhutan,BT,,,777.486,,,9.83003E-05
Botswana,BW,,,2588.423,,,0.000327263
Belarus,BY,,,9578.167,,,0.001211001
Belize,BZ,,,400.031,,,5.05773E-05
Canada,CA,5,1,38155.012,0.032679739,0.012195122,0.004824072
Democratic Republic of the Congo,CD,,,95894.118,,,0.012124231
Central African Republic,CF,,,5457.154,,,0.000689967
Congo,CG,,,5835.806,,,0.000737841
Switzerland,CH,1,2,8691.406,0.006535948,0.024390244,0.001098885
Cote d'Ivoire,CI,,,27478.249,,,0.003474172
Cook Islands,CK,,,17.003,,,2.14975E-06
Chile,CL,3,,19493.184,0.019607843,,0.002464592
Cameroon,CM,,,27198.628,,,0.003438818
China,CN,7,,1449753.377,0.045751634,,0.183297418
Colombia,CO,1,,51516.562,0.006535948,,0.00651342
Costa Rica,CR,,,5153.957,,,0.000651633
Cuba,CU,,,11256.372,,,0.001423183
Cabo Verde,CV,,,587.925,,,7.43334E-05
Curacao,CW,,,190.338,,,2.40651E-05
Cyprus,CY,,,1244.188,,,0.000157307
Czechia,CZ,1,,10510.751,0.006535948,,0.001328911
Germany,DE,6,2,83408.554,0.039215686,0.024390244,0.010545637
Djibouti,DJ,,,1105.557,,,0.000139779
Denmark,DK,1,,5854.24,0.006535948,,0.000740172
Dominica,DM,,,72.412,,,9.1553E-06
Dominican Republic,DO,,,11117.873,,,0.001405672
Algeria,DZ,,,44177.969,,,0.005585576
Ecuador,EC,1,,17797.737,0.006535948,,0.00225023
Estonia,EE,,,1328.701,,,0.000167992
Egypt,EG,,,109262.178,,,0.013814401
Western Sahara,EH,,,565.581,,,7.15084E-05
Eritrea,ER,,,3620.312,,,0.000457729
Spain,ES,1,,47486.935,0.006535948,,0.00600394
Ethiopia,ET,,,120283.026,,,0.015207806
Finland,FI,1,,5535.992,0.006535948,,0.000699935
Fiji,FJ,,,924.61,,,0.000116902
Falkland Islands (Malvinas),FK,,,4.417,,,5.58457E-07
Micronesia (Fed. States of),FM,,,113.131,,,1.43036E-05
Faroe Islands,FO,,,52.889,,,6.68694E-06
France,FR,5,,64531.444,0.032679739,,0.008158937
Gabon,GA,,,2341.179,,,0.000296003
United Kingdom,GB,9,7,67281.039,0.058823529,0.085365854,0.008506578
Grenada,GD,,,124.61,,,1.57549E-05
Georgia,GE,,,3757.98,,,0.000475135
French Guiana,GF,,,297.449,,,3.76075E-05
Guernsey,GG,,,63.065,,,7.97353E-06
Ghana,GH,,,32833.031,,,0.004151196
Gibraltar,GI,,,32.669,,,4.13046E-06
Greenland,GL,,,56.243,,,7.111E-06
Gambia,GM,,,2639.916,,,0.000333774
Guinea,GN,,,13531.906,,,0.001710886
Guadeloupe,GP,,,396.051,,,5.00741E-05
Equatorial Guinea,GQ,,,1634.466,,,0.000206651
Greece,GR,1,,10445.365,0.006535948,,0.001320644
Guatemala,GT,,,17608.483,,,0.002226302
Guam,GU,,,170.534,,,2.15612E-05
Guinea-Bissau,GW,,,2060.721,,,0.000260544
Guyana,GY,,,804.567,,,0.000101724
"China, Hong Kong SAR",HK,,,7494.578,,,0.000947566
Honduras,HN,,,10278.345,,,0.001299527
Croatia,HR,,,4060.135,,,0.000513337
Haiti,HT,,,11447.569,,,0.001447356
Hungary,HU,2,,9709.786,0.013071895,,0.001227642
Indonesia,ID,,,273753.191,,,0.034611579
Ireland,IE,,,4986.526,,,0.000630464
Israel,IL,2,,8900.059,0.013071895,,0.001125266
Isle of Man,IM,,,84.263,,,1.06537E-05
India,IN,2,,1407563.842,0.013071895,,0.177963247
Iraq,IQ,,,43533.592,,,0.005504105
Iran (Islamic Republic of),IR,1,,87923.432,0.006535948,,0.011116469
Iceland,IS,,,370.335,,,4.68228E-05
Italy,IT,2,,59240.329,0.013071895,,0.007489963
Jersey,JE,,,109.618,,,1.38594E-05
Jamaica,JM,,,2827.695,,,0.000357515
Jordan,JO,,,11148.278,,,0.001409516
Japan,JP,,,124612.53,,,0.0157552
Kenya,KE,2,,53005.614,0.013071895,,0.006701686
Kyrgyzstan,KG,,,6527.743,,,0.000825326
Cambodia,KH,,,16589.023,,,0.002097409
Kiribati,KI,,,128.874,,,1.6294E-05
Comoros,KM,,,821.625,,,0.000103881
Saint Kitts and Nevis,KN,,,47.606,,,6.01899E-06
Dem. People's Republic of Korea,KP,,,25971.909,,,0.00328372
Republic of Korea,KR,,,51830.139,,,0.006553067
Kuwait,KW,,,4250.114,,,0.000537357
Cayman Islands,KY,,,68.136,,,8.61467E-06
Kazakhstan,KZ,,,19196.465,,,0.002427077
Lao People's Democratic Republic,LA,,,7425.057,,,0.000938776
Lebanon,LB,,,5592.631,,,0.000707096
Saint Lucia,LC,,,179.651,,,2.27139E-05
Liechtenstein,LI,,,39.039,,,4.93584E-06
Sri Lanka,LK,,,21773.441,,,0.002752893
Liberia,LR,,,5193.416,,,0.000656622
Lesotho,LS,,,2281.454,,,0.000288452
Lithuania,LT,,,2786.651,,,0.000352326
Luxembourg,LU,,,639.321,,,8.08316E-05
Latvia,LV,,,1873.919,,,0.000236926
Libya,LY,,,6735.277,,,0.000851565
Morocco,MA,2,,37076.584,0.013071895,,0.004687723
Monaco,MC,,,36.686,,,4.63834E-06
Republic of Moldova,MD,,,3061.506,,,0.000387077
Montenegro,ME,,,627.859,,,7.93824E-05
Saint Martin (French part),MF,,,31.948,,,4.0393E-06
Madagascar,MG,,,28915.653,,,0.003655908
Marshall Islands,MH,,,42.05,,,5.31653E-06
North Macedonia,MK,,,2103.33,,,0.000265931
Mali,ML,,,21904.983,,,0.002769524
Myanmar,MM,,,53798.084,,,0.006801881
Mongolia,MN,,,3347.782,,,0.000423272
"China, Macao SAR",MO,,,686.607,,,8.68101E-05
Northern Mariana Islands,MP,,,49.481,,,6.25606E-06
Martinique,MQ,,,368.796,,,4.66282E-05
Mauritania,MR,,,4614.974,,,0.000583487
Montserrat,MS,,,3.764,,,4.75896E-07
Malta,MT,,,526.748,,,6.65986E-05
Mauritius,MU,,,1298.915,,,0.000164226
Maldives,MV,,,521.457,,,6.59296E-05
Malawi,MW,,,19889.742,,,0.00251473
Mexico,MX,4,,126705.138,0.026143791,,0.016019776
Malaysia,MY,5,,33573.874,0.032679739,,0.004244863
Mozambique,MZ,,,32077.072,,,0.004055617
Namibia,NA,,,2530.151,,,0.000319896
New Caledonia,NC,,,287.8,,,3.63876E-05
Niger,NE,,,25252.722,,,0.00319279
Nigeria,NG,1,,213401.323,0.006535948,,0.02698108
Nicaragua,NI,,,6850.54,,,0.000866138
Netherlands,NL,1,1,17501.696,0.006535948,0.012195122,0.002212801
Norway,NO,3,,5403.021,0.019607843,,0.000683123
Nepal,NP,,,30034.989,,,0.003797429
Nauru,NR,,,12.511,,,1.58181E-06
Niue,NU,,,1.937,,,2.44902E-07
New Zealand,NZ,2,,5129.727,0.013071895,,0.000648569
Oman,OM,,,4520.471,,,0.000571539
Panama,PA,,,4351.267,,,0.000550146
Peru,PE,1,,33715.471,0.006535948,,0.004262766
French Polynesia,PF,,,304.032,,,3.84398E-05
Papua New Guinea,PG,,,9949.437,,,0.001257942
Philippines,PH,,,113880.328,,,0.01439829
Pakistan,PK,,,231402.117,,,0.029256983
Poland,PL,1,,38307.726,0.006535948,,0.004843381
Saint Pierre and Miquelon,PM,,,5.883,,,7.43808E-07
Puerto Rico,PR,,,3256.028,,,0.000411671
State of Palestine,PS,,,5133.392,,,0.000649033
Portugal,PT,1,,10290.103,0.006535948,,0.001301014
Palau,PW,,,18.024,,,2.27884E-06
Paraguay,PY,,,6703.799,,,0.000847585
Qatar,QA,,,2688.235,,,0.000339883
Reunion,RE,,,966.129,,,0.000122151
Romania,RO,1,,19328.56,0.006535948,,0.002443778
Serbia,RS,1,,7296.769,0.006535948,,0.000922556
Russian Federation,RU,1,,145102.755,0.006535948,,0.018345852
Rwanda,RW,,,13461.888,,,0.001702034
Saudi Arabia,SA,,,35950.396,,,0.004545335
Solomon Islands,SB,,,707.851,,,8.94961E-05
Seychelles,SC,,,106.471,,,1.34615E-05
Sudan,SD,,,45657.202,,,0.005772601
Sweden,SE,3,4,10467.097,0.019607843,0.048780488,0.001323392
Singapore,SG,,3,5941.06,,0.036585366,0.000751149
Saint Helena,SH,,,5.404,,,6.83247E-07
Slovenia,SI,,,2119.41,,,0.000267964
Slovakia,SK,3,,5447.622,0.019607843,,0.000688762
Sierra Leone,SL,,,8420.641,,,0.001064651
San Marino,SM,,,33.745,,,4.2665E-06
Senegal,SN,,,16876.72,,,0.002133783
Somalia,SO,,,17065.581,,,0.002157661
Suriname,SR,,,612.985,,,7.75018E-05
South Sudan,SS,,,10748.272,,,0.001358942
Sao Tome and Principe,ST,,,223.107,,,2.82082E-05
El Salvador,SV,,,6314.167,,,0.000798322
Sint Maarten (Dutch part),SX,,,44.042,,,5.56838E-06
Syrian Arab Republic,SY,,,21324.367,,,0.002696115
Eswatini,SZ,,,1192.271,,,0.000150743
Turks and Caicos Islands,TC,,,45.035,,,5.69393E-06
Chad,TD,,,17179.74,,,0.002172095
Togo,TG,,,8644.829,,,0.001092996
Thailand,TH,1,,71601.103,0.006535948,,0.009052779
Tajikistan,TJ,,,9750.064,,,0.001232735
Tokelau,TK,,,1.849,,,2.33776E-07
Timor-Leste,TL,,,1320.942,,,0.000167011
Turkmenistan,TM,,,6341.855,,,0.000801823
Tunisia,TN,,,12262.946,,,0.001550447
Tonga,TO,,,106.017,,,1.34041E-05
Turkey,TR,5,,84775.404,0.032679739,,0.010718452
Trinidad and Tobago,TT,,,1525.663,,,0.000192895
Tuvalu,TV,,,10.861,,,1.37319E-06
"China, Taiwan Province of China",TW,7,,1449753.377,0.045751634,,0.183297418
United Republic of Tanzania,TZ,,,63588.334,,,0.008039697
Ukraine,UA,,,43531.422,,,0.005503831
Uganda,UG,,,45853.778,,,0.005797454
United States of America,US,39,56,336997.624,0.254901961,0.682926829,0.042607795
Uruguay,UY,,,3426.26,,,0.000433194
Uzbekistan,UZ,,,34081.449,,,0.004309037
Holy See,VA,,,0.511,,,6.46075E-08
Saint Vincent and the Grenadines,VC,,,104.332,,,1.31911E-05
Venezuela (Bolivarian Republic of),VE,,,28199.867,,,0.003565408
British Virgin Islands,VG,,,31.122,,,3.93486E-06
United States Virgin Islands,VI,,,100.091,,,1.26549E-05
Viet Nam,VN,,,97468.029,,,0.012323226
Vanuatu,VU,,,319.137,,,4.03496E-05
Wallis and Futuna Islands,WF,,,11.627,,,1.47004E-06
Samoa,WS,,,218.764,,,2.76591E-05
Kosovo (under UNSC res. 1244),XK,,,1662.009,,,0.000210134
Yemen,YE,,,32981.641,,,0.004169985
Mayotte,YT,,,316.014,,,3.99548E-05
South Africa,ZA,2,3,59392.255,0.013071895,0.036585366,0.007509172
Zambia,ZM,,,19473.125,,,0.002462056
Zimbabwe,ZW,,,15993.524,,,0.002022117
